0.000000000000000000e+00,0.000000000000000000e+00,1.456239929199218750e+02,1.208700027465820312e+02
0.000000000000000000e+00,0.000000000000000000e+00,1.457562713623046875e+02,1.213407669067382812e+02
0.000000000000000000e+00,0.000000000000000000e+00,1.458636627197265625e+02,1.218158950805664062e+02
0.000000000000000000e+00,0.000000000000000000e+00,1.459463653564453125e+02,1.222952651977539062e+02
0.000000000000000000e+00,0.000000000000000000e+00,1.460045623779296875e+02,1.227787399291992188e+02
0.000000000000000000e+00,0.000000000000000000e+00,1.460384521484375000e+02,1.232661972045898438e+02
0.000000000000000000e+00,0.000000000000000000e+00,1.460482025146484375e+02,1.237574996948242188e+02
0.000000000000000000e+00,0.000000000000000000e+00,1.460340118408203125e+02,1.242525253295898438e+02
0.000000000000000000e+00,0.000000000000000000e+00,1.459960784912109375e+02,1.247511367797851562e+02
0.000000000000000000e+00,0.000000000000000000e+00,1.459345703125000000e+02,1.252532043457031250e+02
0.000000000000000000e+00,0.000000000000000000e+00,1.458497009277343750e+02,1.257586135864257812e+02
0.000000000000000000e+00,0.000000000000000000e+00,1.457416229248046875e+02,1.262672119140625000e+02
0.000000000000000000e+00,0.000000000000000000e+00,1.456105651855468750e+02,1.267788925170898438e+02
0.000000000000000000e+00,0.000000000000000000e+00,1.454566802978515625e+02,1.272935104370117188e+02
0.000000000000000000e+00,0.000000000000000000e+00,1.452801666259765625e+02,1.278109512329101562e+02
0.000000000000000000e+00,0.000000000000000000e+00,1.450812225341796875e+02,1.283310699462890625e+02
0.000000000000000000e+00,0.000000000000000000e+00,1.448600311279296875e+02,1.288537445068359375e+02
0.000000000000000000e+00,0.000000000000000000e+00,1.446167755126953125e+02,1.293788452148437500e+02
0.000000000000000000e+00,0.000000000000000000e+00,1.443516387939453125e+02,1.299062347412109375e+02
0.000000000000000000e+00,0.000000000000000000e+00,1.440648193359375000e+02,1.304357910156250000e+02
0.000000000000000000e+00,0.000000000000000000e+00,1.437565155029296875e+02,1.309673919677734375e+02
0.000000000000000000e+00,0.000000000000000000e+00,1.434268798828125000e+02,1.315009002685546875e+02
0.000000000000000000e+00,0.000000000000000000e+00,1.430761413574218750e+02,1.320361785888671875e+02
0.000000000000000000e+00,0.000000000000000000e+00,1.427044525146484375e+02,1.325731201171875000e+02
0.000000000000000000e+00,0.000000000000000000e+00,1.423120269775390625e+02,1.331115722656250000e+02
0.000000000000000000e+00,0.000000000000000000e+00,1.418990325927734375e+02,1.336514129638671875e+02
0.000000000000000000e+00,0.000000000000000000e+00,1.414656829833984375e+02,1.341925201416015625e+02
0.000000000000000000e+00,0.000000000000000000e+00,1.410121307373046875e+02,1.347347564697265625e+02
0.000000000000000000e+00,0.000000000000000000e+00,1.405386047363281250e+02,1.352779846191406250e+02
0.000000000000000000e+00,0.000000000000000000e+00,1.400452575683593750e+02,1.358220977783203125e+02
0.000000000000000000e+00,0.000000000000000000e+00,1.395322875976562500e+02,1.363669586181640625e+02
0.000000000000000000e+00,0.000000000000000000e+00,1.389998931884765625e+02,1.369124145507812500e+02
0.000000000000000000e+00,0.000000000000000000e+00,1.384482421875000000e+02,1.374583740234375000e+02
0.000000000000000000e+00,0.000000000000000000e+00,1.378775482177734375e+02,1.380046844482421875e+02
0.000000000000000000e+00,0.000000000000000000e+00,1.372879791259765625e+02,1.385512084960937500e+02
0.000000000000000000e+00,0.000000000000000000e+00,1.366797332763671875e+02,1.390978393554687500e+02
0.000000000000000000e+00,0.000000000000000000e+00,1.360529937744140625e+02,1.396444396972656250e+02
0.000000000000000000e+00,0.000000000000000000e+00,1.354079589843750000e+02,1.401908721923828125e+02
0.000000000000000000e+00,0.000000000000000000e+00,1.347447967529296875e+02,1.407370147705078125e+02
0.000000000000000000e+00,0.000000000000000000e+00,1.340637054443359375e+02,1.412827301025390625e+02
0.000000000000000000e+00,0.000000000000000000e+00,1.333648834228515625e+02,1.418278961181640625e+02
0.000000000000000000e+00,0.000000000000000000e+00,1.326484985351562500e+02,1.423723907470703125e+02
0.000000000000000000e+00,0.000000000000000000e+00,1.319147491455078125e+02,1.429160614013671875e+02
0.000000000000000000e+00,0.000000000000000000e+00,1.311638183593750000e+02,1.434588012695312500e+02
0.000000000000000000e+00,0.000000000000000000e+00,1.303958892822265625e+02,1.440004730224609375e+02
0.000000000000000000e+00,0.000000000000000000e+00,1.296111755371093750e+02,1.445409545898437500e+02
0.000000000000000000e+00,0.000000000000000000e+00,1.288098449707031250e+02,1.450801086425781250e+02
0.000000000000000000e+00,0.000000000000000000e+00,1.279920806884765625e+02,1.456177978515625000e+02
0.000000000000000000e+00,0.000000000000000000e+00,1.271580810546875000e+02,1.461539001464843750e+02
0.000000000000000000e+00,0.000000000000000000e+00,1.263080368041992188e+02,1.466882934570312500e+02
0.000000000000000000e+00,0.000000000000000000e+00,1.254421234130859375e+02,1.472208404541015625e+02
0.000000000000000000e+00,0.000000000000000000e+00,1.245605316162109375e+02,1.477514038085937500e+02
0.000000000000000000e+00,0.000000000000000000e+00,1.236634597778320312e+02,1.482798767089843750e+02
0.000000000000000000e+00,0.000000000000000000e+00,1.227510833740234375e+02,1.488061065673828125e+02
0.000000000000000000e+00,0.000000000000000000e+00,1.218236007690429688e+02,1.493299865722656250e+02
0.000000000000000000e+00,0.000000000000000000e+00,1.208811950683593750e+02,1.498513641357421875e+02
0.000000000000000000e+00,0.000000000000000000e+00,1.199240493774414062e+02,1.503701324462890625e+02
0.000000000000000000e+00,0.000000000000000000e+00,1.189523544311523438e+02,1.508861389160156250e+02
0.000000000000000000e+00,0.000000000000000000e+00,1.179663085937500000e+02,1.513992767333984375e+02
0.000000000000000000e+00,0.000000000000000000e+00,1.169660797119140625e+02,1.519093933105468750e+02
0.000000000000000000e+00,0.000000000000000000e+00,1.159518737792968750e+02,1.524163818359375000e+02
0.000000000000000000e+00,0.000000000000000000e+00,1.149238662719726562e+02,1.529200897216796875e+02
0.000000000000000000e+00,0.000000000000000000e+00,1.138822555541992188e+02,1.534204101562500000e+02
0.000000000000000000e+00,0.000000000000000000e+00,1.128272171020507812e+02,1.539172058105468750e+02
0.000000000000000000e+00,0.000000000000000000e+00,1.117589492797851562e+02,1.544103393554687500e+02
0.000000000000000000e+00,0.000000000000000000e+00,1.106776351928710938e+02,1.548996887207031250e+02
0.000000000000000000e+00,0.000000000000000000e+00,1.095834655761718750e+02,1.553851165771484375e+02
0.000000000000000000e+00,0.000000000000000000e+00,1.084766311645507812e+02,1.558665008544921875e+02
0.000000000000000000e+00,0.000000000000000000e+00,1.073573074340820312e+02,1.563437194824218750e+02
0.000000000000000000e+00,0.000000000000000000e+00,1.062256927490234375e+02,1.568166351318359375e+02
0.000000000000000000e+00,0.000000000000000000e+00,1.050819702148437500e+02,1.572851257324218750e+02
0.000000000000000000e+00,0.000000000000000000e+00,1.039263305664062500e+02,1.577490386962890625e+02
0.000000000000000000e+00,0.000000000000000000e+00,1.027589645385742188e+02,1.582082672119140625e+02
0.000000000000000000e+00,0.000000000000000000e+00,1.015800552368164062e+02,1.586626739501953125e+02
0.000000000000000000e+00,0.000000000000000000e+00,1.003897857666015625e+02,1.591121368408203125e+02
0.000000000000000000e+00,0.000000000000000000e+00,9.918835449218750000e+01,1.595565032958984375e+02
0.000000000000000000e+00,0.000000000000000000e+00,9.797594451904296875e+01,1.599956817626953125e+02
0.000000000000000000e+00,0.000000000000000000e+00,9.675273895263671875e+01,1.604295043945312500e+02
0.000000000000000000e+00,0.000000000000000000e+00,9.551893615722656250e+01,1.608578796386718750e+02
0.000000000000000000e+00,0.000000000000000000e+00,9.427471923828125000e+01,1.612806396484375000e+02
0.000000000000000000e+00,0.000000000000000000e+00,9.302027130126953125e+01,1.616976776123046875e+02
0.000000000000000000e+00,0.000000000000000000e+00,9.175578308105468750e+01,1.621088562011718750e+02
0.000000000000000000e+00,0.000000000000000000e+00,9.048144531250000000e+01,1.625140686035156250e+02
0.000000000000000000e+00,0.000000000000000000e+00,8.919744110107421875e+01,1.629131469726562500e+02
0.000000000000000000e+00,0.000000000000000000e+00,8.790396118164062500e+01,1.633059844970703125e+02
0.000000000000000000e+00,0.000000000000000000e+00,8.660119628906250000e+01,1.636924591064453125e+02
0.000000000000000000e+00,0.000000000000000000e+00,8.528932952880859375e+01,1.640724182128906250e+02
0.000000000000000000e+00,0.000000000000000000e+00,8.396854400634765625e+01,1.644457550048828125e+02
0.000000000000000000e+00,0.000000000000000000e+00,8.263903808593750000e+01,1.648123168945312500e+02
0.000000000000000000e+00,0.000000000000000000e+00,8.130100250244140625e+01,1.651719970703125000e+02
0.000000000000000000e+00,0.000000000000000000e+00,7.997520446777343750e+01,1.655193176269531250e+02
0.000000000000000000e+00,0.000000000000000000e+00,7.865264892578125000e+01,1.658568267822265625e+02
0.000000000000000000e+00,0.000000000000000000e+00,7.733354187011718750e+01,1.661845397949218750e+02
0.000000000000000000e+00,0.000000000000000000e+00,7.601811981201171875e+01,1.665024871826171875e+02
0.000000000000000000e+00,0.000000000000000000e+00,7.470660400390625000e+01,1.668106536865234375e+02
0.000000000000000000e+00,0.000000000000000000e+00,7.339923095703125000e+01,1.671091003417968750e+02
0.000000000000000000e+00,0.000000000000000000e+00,7.209620666503906250e+01,1.673977966308593750e+02
0.000000000000000000e+00,0.000000000000000000e+00,7.079777526855468750e+01,1.676768035888671875e+02
0.000000000000000000e+00,0.000000000000000000e+00,6.950415039062500000e+01,1.679461059570312500e+02
0.000000000000000000e+00,0.000000000000000000e+00,6.821556091308593750e+01,1.682057342529296875e+02
0.000000000000000000e+00,0.000000000000000000e+00,6.693223571777343750e+01,1.684557037353515625e+02
0.000000000000000000e+00,0.000000000000000000e+00,6.565439605712890625e+01,1.686960296630859375e+02
0.000000000000000000e+00,0.000000000000000000e+00,6.438227081298828125e+01,1.689267272949218750e+02
0.000000000000000000e+00,0.000000000000000000e+00,6.311608505249023438e+01,1.691478271484375000e+02
0.000000000000000000e+00,0.000000000000000000e+00,6.185606002807617188e+01,1.693593292236328125e+02
0.000000000000000000e+00,0.000000000000000000e+00,6.060242843627929688e+01,1.695612640380859375e+02
0.000000000000000000e+00,0.000000000000000000e+00,5.935540771484375000e+01,1.697536468505859375e+02
0.000000000000000000e+00,0.000000000000000000e+00,5.811523056030273438e+01,1.699364776611328125e+02
0.000000000000000000e+00,0.000000000000000000e+00,5.688212203979492188e+01,1.701098022460937500e+02
0.000000000000000000e+00,0.000000000000000000e+00,5.565630340576171875e+01,1.702736053466796875e+02
0.000000000000000000e+00,0.000000000000000000e+00,5.443800354003906250e+01,1.704279327392578125e+02
0.000000000000000000e+00,0.000000000000000000e+00,5.322744369506835938e+01,1.705727844238281250e+02
0.000000000000000000e+00,0.000000000000000000e+00,5.202485656738281250e+01,1.707081756591796875e+02
0.000000000000000000e+00,0.000000000000000000e+00,5.083046340942382812e+01,1.708341369628906250e+02
0.000000000000000000e+00,0.000000000000000000e+00,4.964448928833007812e+01,1.709506683349609375e+02
0.000000000000000000e+00,0.000000000000000000e+00,4.846715927124023438e+01,1.710578155517578125e+02
0.000000000000000000e+00,0.000000000000000000e+00,4.729870223999023438e+01,1.711555633544921875e+02
0.000000000000000000e+00,0.000000000000000000e+00,4.613934326171875000e+01,1.712439422607421875e+02
0.000000000000000000e+00,0.000000000000000000e+00,4.498930358886718750e+01,1.713229675292968750e+02
0.000000000000000000e+00,0.000000000000000000e+00,4.384881591796875000e+01,1.713926696777343750e+02
0.000000000000000000e+00,0.000000000000000000e+00,4.271809768676757812e+01,1.714530487060546875e+02
0.000000000000000000e+00,0.000000000000000000e+00,4.159738159179687500e+01,1.715041198730468750e+02
0.000000000000000000e+00,0.000000000000000000e+00,4.048688888549804688e+01,1.715459136962890625e+02
0.000000000000000000e+00,0.000000000000000000e+00,3.938684844970703125e+01,1.715784454345703125e+02
0.000000000000000000e+00,0.000000000000000000e+00,3.829748153686523438e+01,1.716017150878906250e+02
0.000000000000000000e+00,0.000000000000000000e+00,3.721901702880859375e+01,1.716157531738281250e+02
0.000000000000000000e+00,0.000000000000000000e+00,3.615167999267578125e+01,1.716205902099609375e+02
0.000000000000000000e+00,0.000000000000000000e+00,3.509569549560546875e+01,1.716162109375000000e+02
0.000000000000000000e+00,0.000000000000000000e+00,3.405128860473632812e+01,1.716026611328125000e+02
0.000000000000000000e+00,0.000000000000000000e+00,3.301868438720703125e+01,1.715799560546875000e+02
0.000000000000000000e+00,0.000000000000000000e+00,3.199811172485351562e+01,1.715480804443359375e+02
0.000000000000000000e+00,0.000000000000000000e+00,3.098979377746582031e+01,1.715070953369140625e+02
0.000000000000000000e+00,0.000000000000000000e+00,2.999395561218261719e+01,1.714569854736328125e+02
0.000000000000000000e+00,0.000000000000000000e+00,2.901082420349121094e+01,1.713977813720703125e+02
0.000000000000000000e+00,0.000000000000000000e+00,2.804062461853027344e+01,1.713294982910156250e+02
0.000000000000000000e+00,0.000000000000000000e+00,2.708358383178710938e+01,1.712521514892578125e+02
0.000000000000000000e+00,0.000000000000000000e+00,2.613992309570312500e+01,1.711657714843750000e+02
0.000000000000000000e+00,0.000000000000000000e+00,2.520987319946289062e+01,1.710703430175781250e+02
0.000000000000000000e+00,0.000000000000000000e+00,2.429365730285644531e+01,1.709659118652343750e+02
0.000000000000000000e+00,0.000000000000000000e+00,2.339150047302246094e+01,1.708524932861328125e+02
0.000000000000000000e+00,0.000000000000000000e+00,2.250362968444824219e+01,1.707300872802734375e+02
0.000000000000000000e+00,0.000000000000000000e+00,2.163027000427246094e+01,1.705987396240234375e+02
0.000000000000000000e+00,0.000000000000000000e+00,2.077164649963378906e+01,1.704584350585937500e+02
0.000000000000000000e+00,0.000000000000000000e+00,1.992798423767089844e+01,1.703092041015625000e+02
0.000000000000000000e+00,0.000000000000000000e+00,1.909951019287109375e+01,1.701510620117187500e+02
0.000000000000000000e+00,0.000000000000000000e+00,1.828644943237304688e+01,1.699840240478515625e+02
0.000000000000000000e+00,0.000000000000000000e+00,1.748902702331542969e+01,1.698081207275390625e+02
0.000000000000000000e+00,0.000000000000000000e+00,1.670746994018554688e+01,1.696233673095703125e+02
0.000000000000000000e+00,0.000000000000000000e+00,1.594200325012207031e+01,1.694297637939453125e+02
0.000000000000000000e+00,0.000000000000000000e+00,1.519285202026367188e+01,1.692273406982421875e+02
0.000000000000000000e+00,0.000000000000000000e+00,1.446024131774902344e+01,1.690160980224609375e+02
0.000000000000000000e+00,0.000000000000000000e+00,1.374439811706542969e+01,1.687960815429687500e+02
0.000000000000000000e+00,0.000000000000000000e+00,1.304554653167724609e+01,1.685672760009765625e+02
0.000000000000000000e+00,0.000000000000000000e+00,1.236391353607177734e+01,1.683297271728515625e+02
0.000000000000000000e+00,0.000000000000000000e+00,1.169972419738769531e+01,1.680834350585937500e+02
0.000000000000000000e+00,0.000000000000000000e+00,1.105320453643798828e+01,1.678284301757812500e+02
0.000000000000000000e+00,0.000000000000000000e+00,1.042457866668701172e+01,1.675647125244140625e+02
0.000000000000000000e+00,0.000000000000000000e+00,9.814073562622070312e+00,1.672923126220703125e+02
0.000000000000000000e+00,0.000000000000000000e+00,9.221914291381835938e+00,1.670112304687500000e+02
0.000000000000000000e+00,0.000000000000000000e+00,8.648326873779296875e+00,1.667215118408203125e+02
0.000000000000000000e+00,0.000000000000000000e+00,8.093535423278808594e+00,1.664231414794921875e+02
0.000000000000000000e+00,0.000000000000000000e+00,7.557767868041992188e+00,1.661161651611328125e+02
0.000000000000000000e+00,0.000000000000000000e+00,7.041248321533203125e+00,1.658005676269531250e+02
0.000000000000000000e+00,0.000000000000000000e+00,6.544202804565429688e+00,1.654764099121093750e+02
0.000000000000000000e+00,0.000000000000000000e+00,6.066856384277343750e+00,1.651436614990234375e+02
0.000000000000000000e+00,0.000000000000000000e+00,5.609435081481933594e+00,1.648023834228515625e+02
0.000000000000000000e+00,0.000000000000000000e+00,5.172164916992187500e+00,1.644525604248046875e+02
0.000000000000000000e+00,0.000000000000000000e+00,4.755270481109619141e+00,1.640942077636718750e+02
0.000000000000000000e+00,0.000000000000000000e+00,4.358978271484375000e+00,1.637273712158203125e+02
0.000000000000000000e+00,0.000000000000000000e+00,3.983513116836547852e+00,1.633520507812500000e+02
0.000000000000000000e+00,0.000000000000000000e+00,3.629101037979125977e+00,1.629682617187500000e+02
0.000000000000000000e+00,0.000000000000000000e+00,3.295967578887939453e+00,1.625760192871093750e+02
0.000000000000000000e+00,0.000000000000000000e+00,2.984338283538818359e+00,1.621753540039062500e+02
0.000000000000000000e+00,0.000000000000000000e+00,2.694438695907592773e+00,1.617662658691406250e+02
0.000000000000000000e+00,0.000000000000000000e+00,2.426494598388671875e+00,1.613487854003906250e+02
0.000000000000000000e+00,0.000000000000000000e+00,2.180731534957885742e+00,1.609229278564453125e+02
0.000000000000000000e+00,0.000000000000000000e+00,1.957374811172485352e+00,1.604886932373046875e+02
0.000000000000000000e+00,0.000000000000000000e+00,1.756650328636169434e+00,1.600461120605468750e+02
0.000000000000000000e+00,0.000000000000000000e+00,1.578783512115478516e+00,1.595952148437500000e+02
0.000000000000000000e+00,0.000000000000000000e+00,1.424000024795532227e+00,1.591360015869140625e+02
0.000000000000000000e+00,0.000000000000000000e+00,1.291727066040039062e+00,1.586652374267578125e+02
0.000000000000000000e+00,0.000000000000000000e+00,1.184333562850952148e+00,1.581901092529296875e+02
0.000000000000000000e+00,0.000000000000000000e+00,1.101631641387939453e+00,1.577107391357421875e+02
0.000000000000000000e+00,0.000000000000000000e+00,1.043433547019958496e+00,1.572272644042968750e+02
0.000000000000000000e+00,0.000000000000000000e+00,1.009551286697387695e+00,1.567398071289062500e+02
0.000000000000000000e+00,0.000000000000000000e+00,9.997970461845397949e-01,1.562485046386718750e+02
0.000000000000000000e+00,0.000000000000000000e+00,1.013983011245727539e+00,1.557534790039062500e+02
0.000000000000000000e+00,0.000000000000000000e+00,1.051921486854553223e+00,1.552548675537109375e+02
0.000000000000000000e+00,0.000000000000000000e+00,1.113424301147460938e+00,1.547527923583984375e+02
0.000000000000000000e+00,0.000000000000000000e+00,1.198303937911987305e+00,1.542473907470703125e+02
0.000000000000000000e+00,0.000000000000000000e+00,1.306372284889221191e+00,1.537387847900390625e+02
0.000000000000000000e+00,0.000000000000000000e+00,1.437441706657409668e+00,1.532271118164062500e+02
0.000000000000000000e+00,0.000000000000000000e+00,1.591324210166931152e+00,1.527124786376953125e+02
0.000000000000000000e+00,0.000000000000000000e+00,1.767831921577453613e+00,1.521950531005859375e+02
0.000000000000000000e+00,0.000000000000000000e+00,1.966777205467224121e+00,1.516749267578125000e+02
0.000000000000000000e+00,0.000000000000000000e+00,2.187972068786621094e+00,1.511522674560546875e+02
0.000000000000000000e+00,0.000000000000000000e+00,2.431228637695312500e+00,1.506271667480468750e+02
0.000000000000000000e+00,0.000000000000000000e+00,2.696358919143676758e+00,1.500997619628906250e+02
0.000000000000000000e+00,0.000000000000000000e+00,2.983175516128540039e+00,1.495702056884765625e+02
0.000000000000000000e+00,0.000000000000000000e+00,3.291490316390991211e+00,1.490386047363281250e+02
0.000000000000000000e+00,0.000000000000000000e+00,3.621115207672119141e+00,1.485050964355468750e+02
0.000000000000000000e+00,0.000000000000000000e+00,3.971862792968750000e+00,1.479698181152343750e+02
0.000000000000000000e+00,0.000000000000000000e+00,4.343544960021972656e+00,1.474328918457031250e+02
0.000000000000000000e+00,0.000000000000000000e+00,4.735974311828613281e+00,1.468944244384765625e+02
0.000000000000000000e+00,0.000000000000000000e+00,5.148962020874023438e+00,1.463545837402343750e+02
0.000000000000000000e+00,0.000000000000000000e+00,5.582321166992187500e+00,1.458134918212890625e+02
0.000000000000000000e+00,0.000000000000000000e+00,6.035863876342773438e+00,1.452712554931640625e+02
0.000000000000000000e+00,0.000000000000000000e+00,6.509401798248291016e+00,1.447280120849609375e+02
0.000000000000000000e+00,0.000000000000000000e+00,7.002747058868408203e+00,1.441838989257812500e+02
0.000000000000000000e+00,0.000000000000000000e+00,7.515712261199951172e+00,1.436390533447265625e+02
0.000000000000000000e+00,0.000000000000000000e+00,8.048109054565429688e+00,1.430935821533203125e+02
0.000000000000000000e+00,0.000000000000000000e+00,8.599750518798828125e+00,1.425476226806640625e+02
0.000000000000000000e+00,0.000000000000000000e+00,9.170448303222656250e+00,1.420013275146484375e+02
0.000000000000000000e+00,0.000000000000000000e+00,9.760013580322265625e+00,1.414547882080078125e+02
0.000000000000000000e+00,0.000000000000000000e+00,1.036825942993164062e+01,1.409081573486328125e+02
0.000000000000000000e+00,0.000000000000000000e+00,1.099499893188476562e+01,1.403615722656250000e+02
0.000000000000000000e+00,0.000000000000000000e+00,1.164004230499267578e+01,1.398151397705078125e+02
0.000000000000000000e+00,0.000000000000000000e+00,1.230320262908935547e+01,1.392689971923828125e+02
0.000000000000000000e+00,0.000000000000000000e+00,1.298429298400878906e+01,1.387232666015625000e+02
0.000000000000000000e+00,0.000000000000000000e+00,1.368312358856201172e+01,1.381781005859375000e+02
0.000000000000000000e+00,0.000000000000000000e+00,1.439950847625732422e+01,1.376336059570312500e+02
0.000000000000000000e+00,0.000000000000000000e+00,1.513325786590576172e+01,1.370899353027343750e+02
0.000000000000000000e+00,0.000000000000000000e+00,1.588418579101562500e+01,1.365471954345703125e+02
0.000000000000000000e+00,0.000000000000000000e+00,1.665210342407226562e+01,1.360055236816406250e+02
0.000000000000000000e+00,0.000000000000000000e+00,1.743682289123535156e+01,1.354650421142578125e+02
0.000000000000000000e+00,0.000000000000000000e+00,1.823815727233886719e+01,1.349259033203125000e+02
0.000000000000000000e+00,0.000000000000000000e+00,1.905591773986816406e+01,1.343881988525390625e+02
0.000000000000000000e+00,0.000000000000000000e+00,1.988991546630859375e+01,1.338520965576171875e+02
0.000000000000000000e+00,0.000000000000000000e+00,2.073996543884277344e+01,1.333177032470703125e+02
0.000000000000000000e+00,0.000000000000000000e+00,2.160587692260742188e+01,1.327851715087890625e+02
0.000000000000000000e+00,0.000000000000000000e+00,2.248746490478515625e+01,1.322545928955078125e+02
0.000000000000000000e+00,0.000000000000000000e+00,2.338453865051269531e+01,1.317261199951171875e+02
0.000000000000000000e+00,0.000000000000000000e+00,2.429691314697265625e+01,1.311998901367187500e+02
0.000000000000000000e+00,0.000000000000000000e+00,2.522439765930175781e+01,1.306760101318359375e+02
0.000000000000000000e+00,0.000000000000000000e+00,2.616680717468261719e+01,1.301546325683593750e+02
0.000000000000000000e+00,0.000000000000000000e+00,2.712395095825195312e+01,1.296358642578125000e+02
0.000000000000000000e+00,0.000000000000000000e+00,2.809564208984375000e+01,1.291198577880859375e+02
0.000000000000000000e+00,0.000000000000000000e+00,2.908169555664062500e+01,1.286067352294921875e+02
0.000000000000000000e+00,0.000000000000000000e+00,3.008191871643066406e+01,1.280966033935546875e+02
0.000000000000000000e+00,0.000000000000000000e+00,3.109612846374511719e+01,1.275896224975585938e+02
0.000000000000000000e+00,0.000000000000000000e+00,3.212413406372070312e+01,1.270859069824218750e+02
0.000000000000000000e+00,0.000000000000000000e+00,3.316574859619140625e+01,1.265855941772460938e+02
0.000000000000000000e+00,0.000000000000000000e+00,3.422078323364257812e+01,1.260887985229492188e+02
0.000000000000000000e+00,0.000000000000000000e+00,3.528905105590820312e+01,1.255956649780273438e+02
0.000000000000000000e+00,0.000000000000000000e+00,3.637036132812500000e+01,1.251063156127929688e+02
0.000000000000000000e+00,0.000000000000000000e+00,3.746453094482421875e+01,1.246208801269531250e+02
0.000000000000000000e+00,0.000000000000000000e+00,3.857137298583984375e+01,1.241394882202148438e+02
0.000000000000000000e+00,0.000000000000000000e+00,3.969069290161132812e+01,1.236622772216796875e+02
0.000000000000000000e+00,0.000000000000000000e+00,4.082230758666992188e+01,1.231893615722656250e+02
0.000000000000000000e+00,0.000000000000000000e+00,4.196602630615234375e+01,1.227208786010742188e+02
0.000000000000000000e+00,0.000000000000000000e+00,4.312166595458984375e+01,1.222569580078125000e+02
0.000000000000000000e+00,0.000000000000000000e+00,4.428903579711914062e+01,1.217977294921875000e+02
0.000000000000000000e+00,0.000000000000000000e+00,4.546794509887695312e+01,1.213433227539062500e+02
0.000000000000000000e+00,0.000000000000000000e+00,4.665821075439453125e+01,1.208938674926757812e+02
0.000000000000000000e+00,0.000000000000000000e+00,4.785964584350585938e+01,1.204494934082031250e+02
0.000000000000000000e+00,0.000000000000000000e+00,4.907205581665039062e+01,1.200103225708007812e+02
0.000000000000000000e+00,0.000000000000000000e+00,5.029525756835937500e+01,1.195764923095703125e+02
0.000000000000000000e+00,0.000000000000000000e+00,5.152906417846679688e+01,1.191481246948242188e+02
0.000000000000000000e+00,0.000000000000000000e+00,5.277328491210937500e+01,1.187253646850585938e+02
0.000000000000000000e+00,0.000000000000000000e+00,5.402773284912109375e+01,1.183083190917968750e+02
0.000000000000000000e+00,0.000000000000000000e+00,5.529221725463867188e+01,1.178971405029296875e+02
0.000000000000000000e+00,0.000000000000000000e+00,5.656655883789062500e+01,1.174919357299804688e+02
0.000000000000000000e+00,0.000000000000000000e+00,5.785055923461914062e+01,1.170928573608398438e+02
0.000000000000000000e+00,0.000000000000000000e+00,5.914403915405273438e+01,1.167000122070312500e+02
0.000000000000000000e+00,0.000000000000000000e+00,6.044680786132812500e+01,1.163135452270507812e+02
0.000000000000000000e+00,0.000000000000000000e+00,6.175867462158203125e+01,1.159335784912109375e+02
0.000000000000000000e+00,0.000000000000000000e+00,6.307945251464843750e+01,1.155602493286132812e+02
0.000000000000000000e+00,0.000000000000000000e+00,6.440895843505859375e+01,1.151936798095703125e+02
0.000000000000000000e+00,0.000000000000000000e+00,6.574700164794921875e+01,1.148339996337890625e+02
0.000000000000000000e+00,0.000000000000000000e+00,6.707279205322265625e+01,1.144866790771484375e+02
0.000000000000000000e+00,0.000000000000000000e+00,6.839535522460937500e+01,1.141491699218750000e+02
0.000000000000000000e+00,0.000000000000000000e+00,6.971445465087890625e+01,1.138214569091796875e+02
0.000000000000000000e+00,0.000000000000000000e+00,7.102987670898437500e+01,1.135035171508789062e+02
0.000000000000000000e+00,0.000000000000000000e+00,7.234139251708984375e+01,1.131953430175781250e+02
0.000000000000000000e+00,0.000000000000000000e+00,7.364877319335937500e+01,1.128969039916992188e+02
0.000000000000000000e+00,0.000000000000000000e+00,7.495178985595703125e+01,1.126082000732421875e+02
0.000000000000000000e+00,0.000000000000000000e+00,7.625022888183593750e+01,1.123292007446289062e+02
0.000000000000000000e+00,0.000000000000000000e+00,7.754385375976562500e+01,1.120598983764648438e+02
0.000000000000000000e+00,0.000000000000000000e+00,7.883243560791015625e+01,1.118002700805664062e+02
0.000000000000000000e+00,0.000000000000000000e+00,8.011576843261718750e+01,1.115503005981445312e+02
0.000000000000000000e+00,0.000000000000000000e+00,8.139360046386718750e+01,1.113099746704101562e+02
0.000000000000000000e+00,0.000000000000000000e+00,8.266573333740234375e+01,1.110792694091796875e+02
0.000000000000000000e+00,0.000000000000000000e+00,8.393191528320312500e+01,1.108581695556640625e+02
0.000000000000000000e+00,0.000000000000000000e+00,8.519194030761718750e+01,1.106466674804687500e+02
0.000000000000000000e+00,0.000000000000000000e+00,8.644557189941406250e+01,1.104447326660156250e+02
0.000000000000000000e+00,0.000000000000000000e+00,8.769258880615234375e+01,1.102523574829101562e+02
0.000000000000000000e+00,0.000000000000000000e+00,8.893276977539062500e+01,1.100695190429687500e+02
0.000000000000000000e+00,0.000000000000000000e+00,9.016587829589843750e+01,1.098962020874023438e+02
0.000000000000000000e+00,0.000000000000000000e+00,9.139169311523437500e+01,1.097323913574218750e+02
0.000000000000000000e+00,0.000000000000000000e+00,9.261000061035156250e+01,1.095780715942382812e+02
0.000000000000000000e+00,0.000000000000000000e+00,9.382055664062500000e+01,1.094332199096679688e+02
0.000000000000000000e+00,0.000000000000000000e+00,9.502313995361328125e+01,1.092978286743164062e+02
0.000000000000000000e+00,0.000000000000000000e+00,9.621753692626953125e+01,1.091718673706054688e+02
0.000000000000000000e+00,0.000000000000000000e+00,9.740351104736328125e+01,1.090553283691406250e+02
0.000000000000000000e+00,0.000000000000000000e+00,9.858084106445312500e+01,1.089481887817382812e+02
0.000000000000000000e+00,0.000000000000000000e+00,9.974929809570312500e+01,1.088504409790039062e+02
0.000000000000000000e+00,0.000000000000000000e+00,1.009086608886718750e+02,1.087620620727539062e+02
0.000000000000000000e+00,0.000000000000000000e+00,1.020586929321289062e+02,1.086830291748046875e+02
0.000000000000000000e+00,0.000000000000000000e+00,1.031991882324218750e+02,1.086133346557617188e+02
0.000000000000000000e+00,0.000000000000000000e+00,1.043299026489257812e+02,1.085529556274414062e+02
0.000000000000000000e+00,0.000000000000000000e+00,1.054506149291992188e+02,1.085018768310546875e+02
0.000000000000000000e+00,0.000000000000000000e+00,1.065611114501953125e+02,1.084600830078125000e+02
0.000000000000000000e+00,0.000000000000000000e+00,1.076611557006835938e+02,1.084275588989257812e+02
0.000000000000000000e+00,0.000000000000000000e+00,1.087505187988281250e+02,1.084042816162109375e+02
0.000000000000000000e+00,0.000000000000000000e+00,1.098289871215820312e+02,1.083902435302734375e+02
0.000000000000000000e+00,0.000000000000000000e+00,1.108963241577148438e+02,1.083854141235351562e+02
0.000000000000000000e+00,0.000000000000000000e+00,1.119523086547851562e+02,1.083897781372070312e+02
0.000000000000000000e+00,0.000000000000000000e+00,1.129967117309570312e+02,1.084033355712890625e+02
0.000000000000000000e+00,0.000000000000000000e+00,1.140293121337890625e+02,1.084260482788085938e+02
0.000000000000000000e+00,0.000000000000000000e+00,1.150498886108398438e+02,1.084579162597656250e+02
0.000000000000000000e+00,0.000000000000000000e+00,1.160582046508789062e+02,1.084989089965820312e+02
0.000000000000000000e+00,0.000000000000000000e+00,1.170540466308593750e+02,1.085490112304687500e+02
0.000000000000000000e+00,0.000000000000000000e+00,1.180371780395507812e+02,1.086082153320312500e+02
0.000000000000000000e+00,0.000000000000000000e+00,1.190073776245117188e+02,1.086764984130859375e+02
0.000000000000000000e+00,0.000000000000000000e+00,1.199644165039062500e+02,1.087538452148437500e+02
0.000000000000000000e+00,0.000000000000000000e+00,1.209080734252929688e+02,1.088402328491210938e+02
0.000000000000000000e+00,0.000000000000000000e+00,1.218381271362304688e+02,1.089356536865234375e+02
0.000000000000000000e+00,0.000000000000000000e+00,1.227543411254882812e+02,1.090400848388671875e+02
0.000000000000000000e+00,0.000000000000000000e+00,1.236565017700195312e+02,1.091535034179687500e+02
0.000000000000000000e+00,0.000000000000000000e+00,1.245443725585937500e+02,1.092759094238281250e+02
0.000000000000000000e+00,0.000000000000000000e+00,1.254177322387695312e+02,1.094072647094726562e+02
0.000000000000000000e+00,0.000000000000000000e+00,1.262763519287109375e+02,1.095475692749023438e+02
0.000000000000000000e+00,0.000000000000000000e+00,1.271200180053710938e+02,1.096968002319335938e+02
0.000000000000000000e+00,0.000000000000000000e+00,1.279484863281250000e+02,1.098549346923828125e+02
0.000000000000000000e+00,0.000000000000000000e+00,1.287615509033203125e+02,1.100219650268554688e+02
0.000000000000000000e+00,0.000000000000000000e+00,1.295589752197265625e+02,1.101978759765625000e+02
0.000000000000000000e+00,0.000000000000000000e+00,1.303405303955078125e+02,1.103826370239257812e+02
0.000000000000000000e+00,0.000000000000000000e+00,1.311060028076171875e+02,1.105762405395507812e+02
0.000000000000000000e+00,0.000000000000000000e+00,1.318551483154296875e+02,1.107786636352539062e+02
0.000000000000000000e+00,0.000000000000000000e+00,1.325877532958984375e+02,1.109898986816406250e+02
0.000000000000000000e+00,0.000000000000000000e+00,1.333036041259765625e+02,1.112099227905273438e+02
0.000000000000000000e+00,0.000000000000000000e+00,1.340024566650390625e+02,1.114387207031250000e+02
0.000000000000000000e+00,0.000000000000000000e+00,1.346840820312500000e+02,1.116762695312500000e+02
0.000000000000000000e+00,0.000000000000000000e+00,1.353482818603515625e+02,1.119225616455078125e+02
0.000000000000000000e+00,0.000000000000000000e+00,1.359947967529296875e+02,1.121775741577148438e+02
0.000000000000000000e+00,0.000000000000000000e+00,1.366234283447265625e+02,1.124412918090820312e+02
0.000000000000000000e+00,0.000000000000000000e+00,1.372339324951171875e+02,1.127136917114257812e+02
0.000000000000000000e+00,0.000000000000000000e+00,1.378260803222656250e+02,1.129947662353515625e+02
0.000000000000000000e+00,0.000000000000000000e+00,1.383996734619140625e+02,1.132844924926757812e+02
0.000000000000000000e+00,0.000000000000000000e+00,1.389544677734375000e+02,1.135828552246093750e+02
0.000000000000000000e+00,0.000000000000000000e+00,1.394902343750000000e+02,1.138898391723632812e+02
0.000000000000000000e+00,0.000000000000000000e+00,1.400067443847656250e+02,1.142054214477539062e+02
0.000000000000000000e+00,0.000000000000000000e+00,1.405037994384765625e+02,1.145295944213867188e+02
0.000000000000000000e+00,0.000000000000000000e+00,1.409811401367187500e+02,1.148623352050781250e+02
0.000000000000000000e+00,0.000000000000000000e+00,1.414385681152343750e+02,1.152036209106445312e+02
0.000000000000000000e+00,0.000000000000000000e+00,1.418758392333984375e+02,1.155534439086914062e+02
0.000000000000000000e+00,0.000000000000000000e+00,1.422927246093750000e+02,1.159117889404296875e+02
0.000000000000000000e+00,0.000000000000000000e+00,1.426890258789062500e+02,1.162786254882812500e+02
0.000000000000000000e+00,0.000000000000000000e+00,1.430644836425781250e+02,1.166539535522460938e+02
0.000000000000000000e+00,0.000000000000000000e+00,1.434188995361328125e+02,1.170377426147460938e+02
0.000000000000000000e+00,0.000000000000000000e+00,1.437520294189453125e+02,1.174299774169921875e+02
0.000000000000000000e+00,0.000000000000000000e+00,1.440636596679687500e+02,1.178306503295898438e+02
0.000000000000000000e+00,0.000000000000000000e+00,1.443535614013671875e+02,1.182397308349609375e+02
0.000000000000000000e+00,0.000000000000000000e+00,1.446215057373046875e+02,1.186572189331054688e+02
0.000000000000000000e+00,0.000000000000000000e+00,1.448672637939453125e+02,1.190830764770507812e+02
0.000000000000000000e+00,0.000000000000000000e+00,1.450906219482421875e+02,1.195173034667968750e+02
0.000000000000000000e+00,0.000000000000000000e+00,1.452913513183593750e+02,1.199598770141601562e+02
0.000000000000000000e+00,0.000000000000000000e+00,1.454692230224609375e+02,1.204107818603515625e+02
0.000000000000000000e+00,0.000000000000000000e+00,1.456239929199218750e+02,1.208700027465820312e+02
1.000000000000000000e+00,0.000000000000000000e+00,1.001210021972656250e+02,3.763100051879882812e+01
1.000000000000000000e+00,0.000000000000000000e+00,9.991371154785156250e+01,3.658247756958007812e+01
1.000000000000000000e+00,0.000000000000000000e+00,9.967743682861328125e+01,3.554461288452148438e+01
1.000000000000000000e+00,0.000000000000000000e+00,9.941255187988281250e+01,3.451744461059570312e+01
1.000000000000000000e+00,0.000000000000000000e+00,9.911945343017578125e+01,3.350101470947265625e+01
1.000000000000000000e+00,0.000000000000000000e+00,9.879850769042968750e+01,3.249537277221679688e+01
1.000000000000000000e+00,0.000000000000000000e+00,9.845011138916015625e+01,3.150055503845214844e+01
1.000000000000000000e+00,0.000000000000000000e+00,9.807463836669921875e+01,3.051660919189453125e+01
1.000000000000000000e+00,0.000000000000000000e+00,9.767247009277343750e+01,2.954357528686523438e+01
1.000000000000000000e+00,0.000000000000000000e+00,9.724400329589843750e+01,2.858149909973144531e+01
1.000000000000000000e+00,0.000000000000000000e+00,9.678960418701171875e+01,2.763042449951171875e+01
1.000000000000000000e+00,0.000000000000000000e+00,9.630966186523437500e+01,2.669039154052734375e+01
1.000000000000000000e+00,0.000000000000000000e+00,9.580455780029296875e+01,2.576144409179687500e+01
1.000000000000000000e+00,0.000000000000000000e+00,9.527467346191406250e+01,2.484362792968750000e+01
1.000000000000000000e+00,0.000000000000000000e+00,9.472039794921875000e+01,2.393698310852050781e+01
1.000000000000000000e+00,0.000000000000000000e+00,9.414211273193359375e+01,2.304155540466308594e+01
1.000000000000000000e+00,0.000000000000000000e+00,9.354019165039062500e+01,2.215738677978515625e+01
1.000000000000000000e+00,0.000000000000000000e+00,9.291503143310546875e+01,2.128452110290527344e+01
1.000000000000000000e+00,0.000000000000000000e+00,9.226699829101562500e+01,2.042300033569335938e+01
1.000000000000000000e+00,0.000000000000000000e+00,9.161836242675781250e+01,1.959753417968750000e+01
1.000000000000000000e+00,0.000000000000000000e+00,9.095692443847656250e+01,1.878847312927246094e+01
1.000000000000000000e+00,0.000000000000000000e+00,9.028269195556640625e+01,1.799586868286132812e+01
1.000000000000000000e+00,0.000000000000000000e+00,8.959568023681640625e+01,1.721976852416992188e+01
1.000000000000000000e+00,0.000000000000000000e+00,8.889590454101562500e+01,1.646022224426269531e+01
1.000000000000000000e+00,0.000000000000000000e+00,8.818337249755859375e+01,1.571727848052978516e+01
1.000000000000000000e+00,0.000000000000000000e+00,8.745809936523437500e+01,1.499098491668701172e+01
1.000000000000000000e+00,0.000000000000000000e+00,8.672010040283203125e+01,1.428139019012451172e+01
1.000000000000000000e+00,0.000000000000000000e+00,8.596938323974609375e+01,1.358854484558105469e+01
1.000000000000000000e+00,0.000000000000000000e+00,8.520597076416015625e+01,1.291249656677246094e+01
1.000000000000000000e+00,0.000000000000000000e+00,8.442986297607421875e+01,1.225329494476318359e+01
1.000000000000000000e+00,0.000000000000000000e+00,8.364107513427734375e+01,1.161098861694335938e+01
1.000000000000000000e+00,0.000000000000000000e+00,8.283962249755859375e+01,1.098562526702880859e+01
1.000000000000000000e+00,0.000000000000000000e+00,8.202552032470703125e+01,1.037725448608398438e+01
1.000000000000000000e+00,0.000000000000000000e+00,8.119877624511718750e+01,9.785924911499023438e+00
1.000000000000000000e+00,0.000000000000000000e+00,8.035941314697265625e+01,9.211686134338378906e+00
1.000000000000000000e+00,0.000000000000000000e+00,7.950742340087890625e+01,8.654586791992187500e+00
1.000000000000000000e+00,0.000000000000000000e+00,7.864283752441406250e+01,8.114674568176269531e+00
1.000000000000000000e+00,0.000000000000000000e+00,7.776566314697265625e+01,7.591999053955078125e+00
1.000000000000000000e+00,0.000000000000000000e+00,7.687591552734375000e+01,7.086609363555908203e+00
1.000000000000000000e+00,0.000000000000000000e+00,7.597359466552734375e+01,6.598554134368896484e+00
1.000000000000000000e+00,0.000000000000000000e+00,7.505873107910156250e+01,6.127881526947021484e+00
1.000000000000000000e+00,0.000000000000000000e+00,7.413132476806640625e+01,5.674641132354736328e+00
1.000000000000000000e+00,0.000000000000000000e+00,7.319139099121093750e+01,5.238881587982177734e+00
1.000000000000000000e+00,0.000000000000000000e+00,7.223894500732421875e+01,4.820651531219482422e+00
1.000000000000000000e+00,0.000000000000000000e+00,7.127400207519531250e+01,4.420000076293945312e+00
1.000000000000000000e+00,0.000000000000000000e+00,7.025533294677734375e+01,4.021543502807617188e+00
1.000000000000000000e+00,0.000000000000000000e+00,6.923202514648437500e+01,3.646458864212036133e+00
1.000000000000000000e+00,0.000000000000000000e+00,6.820402526855468750e+01,3.295015811920166016e+00
1.000000000000000000e+00,0.000000000000000000e+00,6.717129516601562500e+01,2.967483282089233398e+00
1.000000000000000000e+00,0.000000000000000000e+00,6.613378143310546875e+01,2.664131164550781250e+00
1.000000000000000000e+00,0.000000000000000000e+00,6.509142303466796875e+01,2.385228395462036133e+00
1.000000000000000000e+00,0.000000000000000000e+00,6.404418182373046875e+01,2.131044864654541016e+00
1.000000000000000000e+00,0.000000000000000000e+00,6.299200439453125000e+01,1.901849865913391113e+00
1.000000000000000000e+00,0.000000000000000000e+00,6.193484115600585938e+01,1.697912693023681641e+00
1.000000000000000000e+00,0.000000000000000000e+00,6.087264251708984375e+01,1.519502878189086914e+00
1.000000000000000000e+00,0.000000000000000000e+00,5.980535888671875000e+01,1.366889834403991699e+00
1.000000000000000000e+00,0.000000000000000000e+00,5.873293685913085938e+01,1.240342855453491211e+00
1.000000000000000000e+00,0.000000000000000000e+00,5.765533065795898438e+01,1.140131592750549316e+00
1.000000000000000000e+00,0.000000000000000000e+00,5.657248687744140625e+01,1.066525459289550781e+00
1.000000000000000000e+00,0.000000000000000000e+00,5.548435974121093750e+01,1.019793748855590820e+00
1.000000000000000000e+00,0.000000000000000000e+00,5.439089584350585938e+01,1.000205874443054199e+00
1.000000000000000000e+00,0.000000000000000000e+00,5.329204940795898438e+01,1.008031368255615234e+00
1.000000000000000000e+00,0.000000000000000000e+00,5.218776702880859375e+01,1.043539524078369141e+00
1.000000000000000000e+00,0.000000000000000000e+00,5.107799911499023438e+01,1.106999993324279785e+00
1.000000000000000000e+00,0.000000000000000000e+00,4.999195098876953125e+01,1.195110559463500977e+00
1.000000000000000000e+00,0.000000000000000000e+00,4.891510772705078125e+01,1.307447314262390137e+00
1.000000000000000000e+00,0.000000000000000000e+00,4.784754562377929688e+01,1.444017529487609863e+00
1.000000000000000000e+00,0.000000000000000000e+00,4.678935241699218750e+01,1.604828715324401855e+00
1.000000000000000000e+00,0.000000000000000000e+00,4.574060058593750000e+01,1.789888143539428711e+00
1.000000000000000000e+00,0.000000000000000000e+00,4.470137405395507812e+01,1.999203085899353027e+00
1.000000000000000000e+00,0.000000000000000000e+00,4.367175292968750000e+01,2.232781171798706055e+00
1.000000000000000000e+00,0.000000000000000000e+00,4.265181350708007812e+01,2.490629673004150391e+00
1.000000000000000000e+00,0.000000000000000000e+00,4.164163970947265625e+01,2.772755861282348633e+00
1.000000000000000000e+00,0.000000000000000000e+00,4.064131164550781250e+01,3.079167127609252930e+00
1.000000000000000000e+00,0.000000000000000000e+00,3.965090179443359375e+01,3.409871101379394531e+00
1.000000000000000000e+00,0.000000000000000000e+00,3.867050170898437500e+01,3.764874935150146484e+00
1.000000000000000000e+00,0.000000000000000000e+00,3.770018005371093750e+01,4.144186019897460938e+00
1.000000000000000000e+00,0.000000000000000000e+00,3.674002456665039062e+01,4.547811985015869141e+00
1.000000000000000000e+00,0.000000000000000000e+00,3.579010772705078125e+01,4.975759983062744141e+00
1.000000000000000000e+00,0.000000000000000000e+00,3.485051727294921875e+01,5.428037166595458984e+00
1.000000000000000000e+00,0.000000000000000000e+00,3.392132949829101562e+01,5.904651165008544922e+00
1.000000000000000000e+00,0.000000000000000000e+00,3.300262451171875000e+01,6.405609607696533203e+00
1.000000000000000000e+00,0.000000000000000000e+00,3.209448242187500000e+01,6.930919170379638672e+00
1.000000000000000000e+00,0.000000000000000000e+00,3.119698143005371094e+01,7.480587959289550781e+00
1.000000000000000000e+00,0.000000000000000000e+00,3.031020355224609375e+01,8.054622650146484375e+00
1.000000000000000000e+00,0.000000000000000000e+00,2.943422698974609375e+01,8.653032302856445312e+00
1.000000000000000000e+00,0.000000000000000000e+00,2.856913185119628906e+01,9.275821685791015625e+00
1.000000000000000000e+00,0.000000000000000000e+00,2.771500015258789062e+01,9.923000335693359375e+00
1.000000000000000000e+00,0.000000000000000000e+00,2.689914131164550781e+01,1.057283878326416016e+01
1.000000000000000000e+00,0.000000000000000000e+00,2.610359191894531250e+01,1.123848533630371094e+01
1.000000000000000000e+00,0.000000000000000000e+00,2.532827186584472656e+01,1.191978836059570312e+01
1.000000000000000000e+00,0.000000000000000000e+00,2.457310104370117188e+01,1.261659717559814453e+01
1.000000000000000000e+00,0.000000000000000000e+00,2.383800315856933594e+01,1.332876205444335938e+01
1.000000000000000000e+00,0.000000000000000000e+00,2.312289428710937500e+01,1.405613040924072266e+01
1.000000000000000000e+00,0.000000000000000000e+00,2.242769813537597656e+01,1.479855155944824219e+01
1.000000000000000000e+00,0.000000000000000000e+00,2.175233650207519531e+01,1.555587577819824219e+01
1.000000000000000000e+00,0.000000000000000000e+00,2.109672737121582031e+01,1.632795143127441406e+01
1.000000000000000000e+00,0.000000000000000000e+00,2.046079444885253906e+01,1.711462783813476562e+01
1.000000000000000000e+00,0.000000000000000000e+00,1.984445571899414062e+01,1.791575241088867188e+01
1.000000000000000000e+00,0.000000000000000000e+00,1.924763488769531250e+01,1.873117828369140625e+01
1.000000000000000000e+00,0.000000000000000000e+00,1.867024993896484375e+01,1.956074905395507812e+01
1.000000000000000000e+00,0.000000000000000000e+00,1.811222267150878906e+01,2.040431976318359375e+01
1.000000000000000000e+00,0.000000000000000000e+00,1.757347488403320312e+01,2.126173591613769531e+01
1.000000000000000000e+00,0.000000000000000000e+00,1.705392837524414062e+01,2.213284683227539062e+01
1.000000000000000000e+00,0.000000000000000000e+00,1.655349922180175781e+01,2.301750183105468750e+01
1.000000000000000000e+00,0.000000000000000000e+00,1.607211303710937500e+01,2.391555023193359375e+01
1.000000000000000000e+00,0.000000000000000000e+00,1.560968875885009766e+01,2.482684135437011719e+01
1.000000000000000000e+00,0.000000000000000000e+00,1.516614723205566406e+01,2.575122451782226562e+01
1.000000000000000000e+00,0.000000000000000000e+00,1.474140930175781250e+01,2.668854904174804688e+01
1.000000000000000000e+00,0.000000000000000000e+00,1.433539485931396484e+01,2.763866233825683594e+01
1.000000000000000000e+00,0.000000000000000000e+00,1.394802665710449219e+01,2.860141563415527344e+01
1.000000000000000000e+00,0.000000000000000000e+00,1.357922363281250000e+01,2.957665634155273438e+01
1.000000000000000000e+00,0.000000000000000000e+00,1.322890853881835938e+01,3.056423568725585938e+01
1.000000000000000000e+00,0.000000000000000000e+00,1.289700031280517578e+01,3.156399917602539062e+01
1.000000000000000000e+00,0.000000000000000000e+00,1.258057975769042969e+01,3.259538269042968750e+01
1.000000000000000000e+00,0.000000000000000000e+00,1.229178714752197266e+01,3.362875747680664062e+01
1.000000000000000000e+00,0.000000000000000000e+00,1.202968883514404297e+01,3.466406250000000000e+01
1.000000000000000000e+00,0.000000000000000000e+00,1.179334831237792969e+01,3.570123291015625000e+01
1.000000000000000000e+00,0.000000000000000000e+00,1.158183383941650391e+01,3.674020385742187500e+01
1.000000000000000000e+00,0.000000000000000000e+00,1.139420986175537109e+01,3.778091049194335938e+01
1.000000000000000000e+00,0.000000000000000000e+00,1.122954177856445312e+01,3.882329177856445312e+01
1.000000000000000000e+00,0.000000000000000000e+00,1.108689594268798828e+01,3.986727905273437500e+01
1.000000000000000000e+00,0.000000000000000000e+00,1.096533870697021484e+01,4.091281127929687500e+01
1.000000000000000000e+00,0.000000000000000000e+00,1.086393451690673828e+01,4.195982360839843750e+01
1.000000000000000000e+00,0.000000000000000000e+00,1.078174972534179688e+01,4.300825119018554688e+01
1.000000000000000000e+00,0.000000000000000000e+00,1.071785068511962891e+01,4.405802917480468750e+01
1.000000000000000000e+00,0.000000000000000000e+00,1.067130184173583984e+01,4.510909271240234375e+01
1.000000000000000000e+00,0.000000000000000000e+00,1.064116954803466797e+01,4.616138076782226562e+01
1.000000000000000000e+00,0.000000000000000000e+00,1.062652015686035156e+01,4.721482849121093750e+01
1.000000000000000000e+00,0.000000000000000000e+00,1.062641811370849609e+01,4.826937103271484375e+01
1.000000000000000000e+00,0.000000000000000000e+00,1.063993072509765625e+01,4.932493972778320312e+01
1.000000000000000000e+00,0.000000000000000000e+00,1.066612243652343750e+01,5.038147735595703125e+01
1.000000000000000000e+00,0.000000000000000000e+00,1.070405960083007812e+01,5.143891906738281250e+01
1.000000000000000000e+00,0.000000000000000000e+00,1.075280761718750000e+01,5.249719238281250000e+01
1.000000000000000000e+00,0.000000000000000000e+00,1.081143283843994141e+01,5.355624389648437500e+01
1.000000000000000000e+00,0.000000000000000000e+00,1.087899971008300781e+01,5.461600112915039062e+01
1.000000000000000000e+00,0.000000000000000000e+00,1.095966625213623047e+01,5.570797348022460938e+01
1.000000000000000000e+00,0.000000000000000000e+00,1.105333328247070312e+01,5.679929733276367188e+01
1.000000000000000000e+00,0.000000000000000000e+00,1.115950012207031250e+01,5.788981246948242188e+01
1.000000000000000000e+00,0.000000000000000000e+00,1.127766704559326172e+01,5.897937011718750000e+01
1.000000000000000000e+00,0.000000000000000000e+00,1.140733337402343750e+01,6.006781768798828125e+01
1.000000000000000000e+00,0.000000000000000000e+00,1.154800033569335938e+01,6.115499877929687500e+01
1.000000000000000000e+00,0.000000000000000000e+00,1.169916629791259766e+01,6.224076461791992188e+01
1.000000000000000000e+00,0.000000000000000000e+00,1.186033344268798828e+01,6.332496261596679688e+01
1.000000000000000000e+00,0.000000000000000000e+00,1.203100013732910156e+01,6.440744018554687500e+01
1.000000000000000000e+00,0.000000000000000000e+00,1.221066665649414062e+01,6.548803710937500000e+01
1.000000000000000000e+00,0.000000000000000000e+00,1.239883327484130859e+01,6.656661224365234375e+01
1.000000000000000000e+00,0.000000000000000000e+00,1.259500026702880859e+01,6.764299774169921875e+01
1.000000000000000000e+00,0.000000000000000000e+00,1.280488491058349609e+01,6.875823211669921875e+01
1.000000000000000000e+00,0.000000000000000000e+00,1.301952457427978516e+01,6.987271118164062500e+01
1.000000000000000000e+00,0.000000000000000000e+00,1.323932933807373047e+01,7.098632049560546875e+01
1.000000000000000000e+00,0.000000000000000000e+00,1.346470832824707031e+01,7.209895324707031250e+01
1.000000000000000000e+00,0.000000000000000000e+00,1.369606971740722656e+01,7.321049499511718750e+01
1.000000000000000000e+00,0.000000000000000000e+00,1.393382263183593750e+01,7.432083892822265625e+01
1.000000000000000000e+00,0.000000000000000000e+00,1.417837524414062500e+01,7.542987823486328125e+01
1.000000000000000000e+00,0.000000000000000000e+00,1.443013668060302734e+01,7.653748321533203125e+01
1.000000000000000000e+00,0.000000000000000000e+00,1.468951702117919922e+01,7.764355468750000000e+01
1.000000000000000000e+00,0.000000000000000000e+00,1.495692443847656250e+01,7.874798583984375000e+01
1.000000000000000000e+00,0.000000000000000000e+00,1.523276710510253906e+01,7.985065460205078125e+01
1.000000000000000000e+00,0.000000000000000000e+00,1.551745510101318359e+01,8.095145416259765625e+01
1.000000000000000000e+00,0.000000000000000000e+00,1.581139659881591797e+01,8.205027008056640625e+01
1.000000000000000000e+00,0.000000000000000000e+00,1.611499977111816406e+01,8.314700317382812500e+01
1.000000000000000000e+00,0.000000000000000000e+00,1.640046501159667969e+01,8.414765167236328125e+01
1.000000000000000000e+00,0.000000000000000000e+00,1.669234848022460938e+01,8.514560699462890625e+01
1.000000000000000000e+00,0.000000000000000000e+00,1.699065208435058594e+01,8.614086151123046875e+01
1.000000000000000000e+00,0.000000000000000000e+00,1.729537773132324219e+01,8.713341522216796875e+01
1.000000000000000000e+00,0.000000000000000000e+00,1.760652542114257812e+01,8.812328338623046875e+01
1.000000000000000000e+00,0.000000000000000000e+00,1.792409706115722656e+01,8.911045074462890625e+01
1.000000000000000000e+00,0.000000000000000000e+00,1.824809646606445312e+01,9.009491729736328125e+01
1.000000000000000000e+00,0.000000000000000000e+00,1.857852363586425781e+01,9.107669830322265625e+01
1.000000000000000000e+00,0.000000000000000000e+00,1.891538047790527344e+01,9.205578613281250000e+01
1.000000000000000000e+00,0.000000000000000000e+00,1.925866699218750000e+01,9.303218078613281250e+01
1.000000000000000000e+00,0.000000000000000000e+00,1.960838890075683594e+01,9.400588226318359375e+01
1.000000000000000000e+00,0.000000000000000000e+00,1.996454429626464844e+01,9.497689056396484375e+01
1.000000000000000000e+00,0.000000000000000000e+00,2.032713699340820312e+01,9.594521331787109375e+01
1.000000000000000000e+00,0.000000000000000000e+00,2.069616889953613281e+01,9.691084289550781250e+01
1.000000000000000000e+00,0.000000000000000000e+00,2.107163810729980469e+01,9.787377929687500000e+01
1.000000000000000000e+00,0.000000000000000000e+00,2.145355033874511719e+01,9.883403778076171875e+01
1.000000000000000000e+00,0.000000000000000000e+00,2.184190559387207031e+01,9.979160308837890625e+01
1.000000000000000000e+00,0.000000000000000000e+00,2.223670578002929688e+01,1.007464752197265625e+02
1.000000000000000000e+00,0.000000000000000000e+00,2.263795280456542969e+01,1.016986694335937500e+02
1.000000000000000000e+00,0.000000000000000000e+00,2.304564666748046875e+01,1.026481781005859375e+02
1.000000000000000000e+00,0.000000000000000000e+00,2.345979118347167969e+01,1.035950012207031250e+02
1.000000000000000000e+00,0.000000000000000000e+00,2.388038825988769531e+01,1.045391387939453125e+02
1.000000000000000000e+00,0.000000000000000000e+00,2.430743789672851562e+01,1.054805908203125000e+02
1.000000000000000000e+00,0.000000000000000000e+00,2.474094200134277344e+01,1.064193649291992188e+02
1.000000000000000000e+00,0.000000000000000000e+00,2.518090438842773438e+01,1.073554534912109375e+02
1.000000000000000000e+00,0.000000000000000000e+00,2.562732315063476562e+01,1.082888641357421875e+02
1.000000000000000000e+00,0.000000000000000000e+00,2.608020210266113281e+01,1.092195892333984375e+02
1.000000000000000000e+00,0.000000000000000000e+00,2.653954315185546875e+01,1.101476364135742188e+02
1.000000000000000000e+00,0.000000000000000000e+00,2.700534820556640625e+01,1.110730056762695312e+02
1.000000000000000000e+00,0.000000000000000000e+00,2.747761726379394531e+01,1.119956970214843750e+02
1.000000000000000000e+00,0.000000000000000000e+00,2.795635414123535156e+01,1.129157104492187500e+02
1.000000000000000000e+00,0.000000000000000000e+00,2.844155883789062500e+01,1.138330459594726562e+02
1.000000000000000000e+00,0.000000000000000000e+00,2.893323326110839844e+01,1.147477111816406250e+02
1.000000000000000000e+00,0.000000000000000000e+00,2.943137931823730469e+01,1.156596908569335938e+02
1.000000000000000000e+00,0.000000000000000000e+00,2.993600082397460938e+01,1.165690002441406250e+02
1.000000000000000000e+00,0.000000000000000000e+00,3.053605461120605469e+01,1.176244964599609375e+02
1.000000000000000000e+00,0.000000000000000000e+00,3.114977836608886719e+01,1.186726303100585938e+02
1.000000000000000000e+00,0.000000000000000000e+00,3.177499961853027344e+01,1.197143783569335938e+02
1.000000000000000000e+00,0.000000000000000000e+00,3.240955734252929688e+01,1.207507019042968750e+02
1.000000000000000000e+00,0.000000000000000000e+00,3.305127716064453125e+01,1.217825851440429688e+02
1.000000000000000000e+00,0.000000000000000000e+00,3.369800186157226562e+01,1.228109970092773438e+02
1.000000000000000000e+00,0.000000000000000000e+00,3.493600082397460938e+01,1.247269973754882812e+02
1.000000000000000000e+00,0.000000000000000000e+00,3.571937561035156250e+01,1.259207839965820312e+02
1.000000000000000000e+00,0.000000000000000000e+00,3.652600097656250000e+01,1.271342468261718750e+02
1.000000000000000000e+00,0.000000000000000000e+00,3.726587677001953125e+01,1.282243499755859375e+02
1.000000000000000000e+00,0.000000000000000000e+00,3.784899902343750000e+01,1.290480041503906250e+02
1.000000000000000000e+00,0.000000000000000000e+00,3.849109649658203125e+01,1.299228363037109375e+02
1.000000000000000000e+00,0.000000000000000000e+00,3.912886810302734375e+01,1.308010559082031250e+02
1.000000000000000000e+00,0.000000000000000000e+00,3.976519012451171875e+01,1.316803283691406250e+02
1.000000000000000000e+00,0.000000000000000000e+00,4.040293121337890625e+01,1.325583190917968750e+02
1.000000000000000000e+00,0.000000000000000000e+00,4.104496002197265625e+01,1.334326934814453125e+02
1.000000000000000000e+00,0.000000000000000000e+00,4.169415283203125000e+01,1.343011169433593750e+02
1.000000000000000000e+00,0.000000000000000000e+00,4.235337448120117188e+01,1.351612548828125000e+02
1.000000000000000000e+00,0.000000000000000000e+00,4.302550125122070312e+01,1.360107574462890625e+02
1.000000000000000000e+00,0.000000000000000000e+00,4.371340179443359375e+01,1.368473205566406250e+02
1.000000000000000000e+00,0.000000000000000000e+00,4.441994857788085938e+01,1.376685791015625000e+02
1.000000000000000000e+00,0.000000000000000000e+00,4.514801025390625000e+01,1.384722137451171875e+02
1.000000000000000000e+00,0.000000000000000000e+00,4.590045928955078125e+01,1.392558898925781250e+02
1.000000000000000000e+00,0.000000000000000000e+00,4.668016433715820312e+01,1.400172576904296875e+02
1.000000000000000000e+00,0.000000000000000000e+00,4.749000167846679688e+01,1.407539978027343750e+02
1.000000000000000000e+00,0.000000000000000000e+00,4.834622573852539062e+01,1.414548492431640625e+02
1.000000000000000000e+00,0.000000000000000000e+00,4.921911621093750000e+01,1.420722198486328125e+02
1.000000000000000000e+00,0.000000000000000000e+00,5.010668945312500000e+01,1.426055145263671875e+02
1.000000000000000000e+00,0.000000000000000000e+00,5.100696182250976562e+01,1.430541687011718750e+02
1.000000000000000000e+00,0.000000000000000000e+00,5.191795349121093750e+01,1.434176177978515625e+02
1.000000000000000000e+00,0.000000000000000000e+00,5.283768463134765625e+01,1.436952819824218750e+02
1.000000000000000000e+00,0.000000000000000000e+00,5.376417541503906250e+01,1.438865814208984375e+02
1.000000000000000000e+00,0.000000000000000000e+00,5.469544219970703125e+01,1.439909667968750000e+02
1.000000000000000000e+00,0.000000000000000000e+00,5.562950897216796875e+01,1.440078430175781250e+02
1.000000000000000000e+00,0.000000000000000000e+00,5.656438827514648438e+01,1.439366302490234375e+02
1.000000000000000000e+00,0.000000000000000000e+00,5.749810409545898438e+01,1.437767791748046875e+02
1.000000000000000000e+00,0.000000000000000000e+00,5.842867279052734375e+01,1.435277099609375000e+02
1.000000000000000000e+00,0.000000000000000000e+00,5.935411453247070312e+01,1.431888427734375000e+02
1.000000000000000000e+00,0.000000000000000000e+00,6.027244949340820312e+01,1.427596130371093750e+02
1.000000000000000000e+00,0.000000000000000000e+00,6.118169784545898438e+01,1.422394561767578125e+02
1.000000000000000000e+00,0.000000000000000000e+00,6.207987213134765625e+01,1.416277618408203125e+02
1.000000000000000000e+00,0.000000000000000000e+00,6.296500015258789062e+01,1.409239959716796875e+02
1.000000000000000000e+00,0.000000000000000000e+00,6.378836059570312500e+01,1.401902008056640625e+02
1.000000000000000000e+00,0.000000000000000000e+00,6.457740783691406250e+01,1.394280700683593750e+02
1.000000000000000000e+00,0.000000000000000000e+00,6.533442687988281250e+01,1.386397094726562500e+02
1.000000000000000000e+00,0.000000000000000000e+00,6.606171417236328125e+01,1.378271789550781250e+02
1.000000000000000000e+00,0.000000000000000000e+00,6.676155853271484375e+01,1.369925994873046875e+02
1.000000000000000000e+00,0.000000000000000000e+00,6.743627166748046875e+01,1.361380462646484375e+02
1.000000000000000000e+00,0.000000000000000000e+00,6.808812713623046875e+01,1.352656250000000000e+02
1.000000000000000000e+00,0.000000000000000000e+00,6.871942901611328125e+01,1.343774261474609375e+02
1.000000000000000000e+00,0.000000000000000000e+00,6.933246612548828125e+01,1.334755249023437500e+02
1.000000000000000000e+00,0.000000000000000000e+00,6.992953491210937500e+01,1.325620422363281250e+02
1.000000000000000000e+00,0.000000000000000000e+00,7.051293182373046875e+01,1.316390533447265625e+02
1.000000000000000000e+00,0.000000000000000000e+00,7.108493804931640625e+01,1.307086639404296875e+02
1.000000000000000000e+00,0.000000000000000000e+00,7.164786529541015625e+01,1.297729492187500000e+02
1.000000000000000000e+00,0.000000000000000000e+00,7.220400238037109375e+01,1.288339996337890625e+02
1.000000000000000000e+00,0.000000000000000000e+00,7.277545928955078125e+01,1.278514785766601562e+02
1.000000000000000000e+00,0.000000000000000000e+00,7.333309173583984375e+01,1.268693618774414062e+02
1.000000000000000000e+00,0.000000000000000000e+00,7.387820434570312500e+01,1.258872375488281250e+02
1.000000000000000000e+00,0.000000000000000000e+00,7.441210937500000000e+01,1.249046707153320312e+02
1.000000000000000000e+00,0.000000000000000000e+00,7.493611907958984375e+01,1.239212265014648438e+02
1.000000000000000000e+00,0.000000000000000000e+00,7.545153808593750000e+01,1.229364852905273438e+02
1.000000000000000000e+00,0.000000000000000000e+00,7.595968627929687500e+01,1.219500122070312500e+02
1.000000000000000000e+00,0.000000000000000000e+00,7.646187591552734375e+01,1.209613723754882812e+02
1.000000000000000000e+00,0.000000000000000000e+00,7.695941162109375000e+01,1.199701461791992188e+02
1.000000000000000000e+00,0.000000000000000000e+00,7.745359802246093750e+01,1.189759063720703125e+02
1.000000000000000000e+00,0.000000000000000000e+00,7.794576263427734375e+01,1.179782104492187500e+02
1.000000000000000000e+00,0.000000000000000000e+00,7.843720245361328125e+01,1.169766387939453125e+02
1.000000000000000000e+00,0.000000000000000000e+00,7.892923736572265625e+01,1.159707641601562500e+02
1.000000000000000000e+00,0.000000000000000000e+00,7.942317199707031250e+01,1.149601516723632812e+02
1.000000000000000000e+00,0.000000000000000000e+00,7.992032623291015625e+01,1.139443740844726562e+02
1.000000000000000000e+00,0.000000000000000000e+00,8.042199707031250000e+01,1.129229965209960938e+02
1.000000000000000000e+00,0.000000000000000000e+00,8.162999725341796875e+01,1.105550003051757812e+02
1.000000000000000000e+00,0.000000000000000000e+00,8.231015014648437500e+01,1.092464904785156250e+02
1.000000000000000000e+00,0.000000000000000000e+00,8.298355865478515625e+01,1.079565963745117188e+02
1.000000000000000000e+00,0.000000000000000000e+00,8.362612152099609375e+01,1.067237472534179688e+02
1.000000000000000000e+00,0.000000000000000000e+00,8.421377563476562500e+01,1.055864105224609375e+02
1.000000000000000000e+00,0.000000000000000000e+00,8.472242736816406250e+01,1.045830078125000000e+02
1.000000000000000000e+00,0.000000000000000000e+00,8.512799835205078125e+01,1.037519989013671875e+02
1.000000000000000000e+00,0.000000000000000000e+00,8.557150268554687500e+01,1.028051223754882812e+02
1.000000000000000000e+00,0.000000000000000000e+00,8.600813293457031250e+01,1.018556060791015625e+02
1.000000000000000000e+00,0.000000000000000000e+00,8.643809509277343750e+01,1.009035263061523438e+02
1.000000000000000000e+00,0.000000000000000000e+00,8.686157989501953125e+01,9.994898223876953125e+01
1.000000000000000000e+00,0.000000000000000000e+00,8.727878570556640625e+01,9.899204254150390625e+01
1.000000000000000000e+00,0.000000000000000000e+00,8.768990325927734375e+01,9.803278350830078125e+01
1.000000000000000000e+00,0.000000000000000000e+00,8.809513854980468750e+01,9.707129669189453125e+01
1.000000000000000000e+00,0.000000000000000000e+00,8.849468231201171875e+01,9.610765838623046875e+01
1.000000000000000000e+00,0.000000000000000000e+00,8.888872528076171875e+01,9.514194488525390625e+01
1.000000000000000000e+00,0.000000000000000000e+00,8.927747344970703125e+01,9.417424011230468750e+01
1.000000000000000000e+00,0.000000000000000000e+00,8.966111755371093750e+01,9.320462799072265625e+01
1.000000000000000000e+00,0.000000000000000000e+00,9.003984832763671875e+01,9.223317718505859375e+01
1.000000000000000000e+00,0.000000000000000000e+00,9.041387176513671875e+01,9.125998687744140625e+01
1.000000000000000000e+00,0.000000000000000000e+00,9.078337860107421875e+01,9.028512573242187500e+01
1.000000000000000000e+00,0.000000000000000000e+00,9.114855957031250000e+01,8.930867767333984375e+01
1.000000000000000000e+00,0.000000000000000000e+00,9.150962066650390625e+01,8.833071899414062500e+01
1.000000000000000000e+00,0.000000000000000000e+00,9.186675262451171875e+01,8.735133361816406250e+01
1.000000000000000000e+00,0.000000000000000000e+00,9.222015380859375000e+01,8.637060546875000000e+01
1.000000000000000000e+00,0.000000000000000000e+00,9.257001495361328125e+01,8.538860321044921875e+01
1.000000000000000000e+00,0.000000000000000000e+00,9.291654205322265625e+01,8.440542602539062500e+01
1.000000000000000000e+00,0.000000000000000000e+00,9.325991821289062500e+01,8.342114257812500000e+01
1.000000000000000000e+00,0.000000000000000000e+00,9.360034942626953125e+01,8.243582916259765625e+01
1.000000000000000000e+00,0.000000000000000000e+00,9.393803405761718750e+01,8.144957733154296875e+01
1.000000000000000000e+00,0.000000000000000000e+00,9.427315521240234375e+01,8.046246337890625000e+01
1.000000000000000000e+00,0.000000000000000000e+00,9.460591888427734375e+01,7.947457122802734375e+01
1.000000000000000000e+00,0.000000000000000000e+00,9.493651580810546875e+01,7.848597717285156250e+01
1.000000000000000000e+00,0.000000000000000000e+00,9.526514434814453125e+01,7.749675750732421875e+01
1.000000000000000000e+00,0.000000000000000000e+00,9.559200286865234375e+01,7.650700378417968750e+01
1.000000000000000000e+00,0.000000000000000000e+00,9.592806243896484375e+01,7.547179412841796875e+01
1.000000000000000000e+00,0.000000000000000000e+00,9.625545501708984375e+01,7.443324279785156250e+01
1.000000000000000000e+00,0.000000000000000000e+00,9.657394409179687500e+01,7.339144897460937500e+01
1.000000000000000000e+00,0.000000000000000000e+00,9.688332366943359375e+01,7.234651184082031250e+01
1.000000000000000000e+00,0.000000000000000000e+00,9.718338012695312500e+01,7.129852294921875000e+01
1.000000000000000000e+00,0.000000000000000000e+00,9.747389221191406250e+01,7.024758911132812500e+01
1.000000000000000000e+00,0.000000000000000000e+00,9.775463867187500000e+01,6.919381713867187500e+01
1.000000000000000000e+00,0.000000000000000000e+00,9.802541351318359375e+01,6.813729095458984375e+01
1.000000000000000000e+00,0.000000000000000000e+00,9.828600311279296875e+01,6.707812500000000000e+01
1.000000000000000000e+00,0.000000000000000000e+00,9.853617858886718750e+01,6.601641082763671875e+01
1.000000000000000000e+00,0.000000000000000000e+00,9.877573394775390625e+01,6.495224761962890625e+01
1.000000000000000000e+00,0.000000000000000000e+00,9.900444793701171875e+01,6.388574218750000000e+01
1.000000000000000000e+00,0.000000000000000000e+00,9.922209930419921875e+01,6.281698608398437500e+01
1.000000000000000000e+00,0.000000000000000000e+00,9.942848968505859375e+01,6.174608230590820312e+01
1.000000000000000000e+00,0.000000000000000000e+00,9.962339019775390625e+01,6.067313385009765625e+01
1.000000000000000000e+00,0.000000000000000000e+00,9.980658721923828125e+01,5.959823608398437500e+01
1.000000000000000000e+00,0.000000000000000000e+00,9.997785949707031250e+01,5.852149200439453125e+01
1.000000000000000000e+00,0.000000000000000000e+00,1.001370010375976562e+02,5.744300079345703125e+01
1.000000000000000000e+00,0.000000000000000000e+00,1.002858657836914062e+02,5.634603118896484375e+01
1.000000000000000000e+00,0.000000000000000000e+00,1.004212875366210938e+02,5.524729537963867188e+01
1.000000000000000000e+00,0.000000000000000000e+00,1.005424728393554688e+02,5.414703750610351562e+01
1.000000000000000000e+00,0.000000000000000000e+00,1.006486358642578125e+02,5.304550933837890625e+01
1.000000000000000000e+00,0.000000000000000000e+00,1.007389984130859375e+02,5.194295501708984375e+01
1.000000000000000000e+00,0.000000000000000000e+00,1.008127746582031250e+02,5.083963012695312500e+01
1.000000000000000000e+00,0.000000000000000000e+00,1.008691864013671875e+02,4.973577880859375000e+01
1.000000000000000000e+00,0.000000000000000000e+00,1.009074325561523438e+02,4.863165283203125000e+01
1.000000000000000000e+00,0.000000000000000000e+00,1.009267501831054688e+02,4.752750015258789062e+01
1.000000000000000000e+00,0.000000000000000000e+00,1.009263381958007812e+02,4.642356872558593750e+01
1.000000000000000000e+00,0.000000000000000000e+00,1.009054260253906250e+02,4.532011032104492188e+01
1.000000000000000000e+00,0.000000000000000000e+00,1.008632202148437500e+02,4.421736907958984375e+01
1.000000000000000000e+00,0.000000000000000000e+00,1.007989425659179688e+02,4.311560058593750000e+01
1.000000000000000000e+00,0.000000000000000000e+00,1.007118072509765625e+02,4.201504898071289062e+01
1.000000000000000000e+00,0.000000000000000000e+00,1.006010284423828125e+02,4.091596221923828125e+01
1.000000000000000000e+00,0.000000000000000000e+00,1.004658203125000000e+02,3.981859207153320312e+01
1.000000000000000000e+00,0.000000000000000000e+00,1.003054046630859375e+02,3.872319030761718750e+01
1.000000000000000000e+00,0.000000000000000000e+00,1.001190032958984375e+02,3.763000106811523438e+01
1.000000000000000000e+00,0.000000000000000000e+00,1.001209999999999951e+02,3.763100000000000023e+01
1.000000000000000000e+00,1.000000000000000000e+00,4.637400054931640625e+01,2.511000061035156250e+01
1.000000000000000000e+00,1.000000000000000000e+00,4.732564926147460938e+01,2.453377342224121094e+01
1.000000000000000000e+00,1.000000000000000000e+00,4.829943084716796875e+01,2.401366424560546875e+01
1.000000000000000000e+00,1.000000000000000000e+00,4.929420471191406250e+01,2.354813194274902344e+01
1.000000000000000000e+00,1.000000000000000000e+00,5.030881500244140625e+01,2.313563156127929688e+01
1.000000000000000000e+00,1.000000000000000000e+00,5.134212493896484375e+01,2.277462577819824219e+01
1.000000000000000000e+00,1.000000000000000000e+00,5.239298248291015625e+01,2.246356773376464844e+01
1.000000000000000000e+00,1.000000000000000000e+00,5.346024703979492188e+01,2.220091819763183594e+01
1.000000000000000000e+00,1.000000000000000000e+00,5.454276657104492188e+01,2.198513603210449219e+01
1.000000000000000000e+00,1.000000000000000000e+00,5.563940048217773438e+01,2.181467628479003906e+01
1.000000000000000000e+00,1.000000000000000000e+00,5.674900054931640625e+01,2.168799972534179688e+01
1.000000000000000000e+00,1.000000000000000000e+00,5.693800000000000239e+01,2.168799999999999883e+01
1.000000000000000000e+00,1.000000000000000000e+00,5.895412445068359375e+01,2.164974975585937500e+01
1.000000000000000000e+00,1.000000000000000000e+00,6.088999938964843750e+01,2.193700027465820312e+01
1.000000000000000000e+00,1.000000000000000000e+00,6.201938629150390625e+01,2.225222969055175781e+01
1.000000000000000000e+00,1.000000000000000000e+00,6.309146499633789062e+01,2.262055587768554688e+01
1.000000000000000000e+00,1.000000000000000000e+00,6.410690307617187500e+01,2.303954696655273438e+01
1.000000000000000000e+00,1.000000000000000000e+00,6.506636047363281250e+01,2.350676918029785156e+01
1.000000000000000000e+00,1.000000000000000000e+00,6.597049713134765625e+01,2.401978683471679688e+01
1.000000000000000000e+00,1.000000000000000000e+00,6.681998443603515625e+01,2.457616806030273438e+01
1.000000000000000000e+00,1.000000000000000000e+00,6.761548614501953125e+01,2.517347908020019531e+01
1.000000000000000000e+00,1.000000000000000000e+00,6.835765075683593750e+01,2.580928421020507812e+01
1.000000000000000000e+00,1.000000000000000000e+00,6.904715728759765625e+01,2.648115348815917969e+01
1.000000000000000000e+00,1.000000000000000000e+00,6.968466949462890625e+01,2.718664932250976562e+01
1.000000000000000000e+00,1.000000000000000000e+00,7.027083587646484375e+01,2.792334175109863281e+01
1.000000000000000000e+00,1.000000000000000000e+00,7.080632781982421875e+01,2.868879508972167969e+01
1.000000000000000000e+00,1.000000000000000000e+00,7.129181671142578125e+01,2.948057556152343750e+01
1.000000000000000000e+00,1.000000000000000000e+00,7.172795104980468750e+01,3.029624938964843750e+01
1.000000000000000000e+00,1.000000000000000000e+00,7.211540222167968750e+01,3.113338470458984375e+01
1.000000000000000000e+00,1.000000000000000000e+00,7.245483398437500000e+01,3.198954582214355469e+01
1.000000000000000000e+00,1.000000000000000000e+00,7.274691009521484375e+01,3.286230087280273438e+01
1.000000000000000000e+00,1.000000000000000000e+00,7.299229431152343750e+01,3.374921417236328125e+01
1.000000000000000000e+00,1.000000000000000000e+00,7.319164276123046875e+01,3.464785385131835938e+01
1.000000000000000000e+00,1.000000000000000000e+00,7.334562683105468750e+01,3.555578613281250000e+01
1.000000000000000000e+00,1.000000000000000000e+00,7.345490264892578125e+01,3.647057723999023438e+01
1.000000000000000000e+00,1.000000000000000000e+00,7.352014160156250000e+01,3.738979339599609375e+01
1.000000000000000000e+00,1.000000000000000000e+00,7.354199981689453125e+01,3.831100082397460938e+01
1.000000000000000000e+00,1.000000000000000000e+00,7.352040863037109375e+01,3.940097045898437500e+01
1.000000000000000000e+00,1.000000000000000000e+00,7.345478820800781250e+01,4.047403335571289062e+01
1.000000000000000000e+00,1.000000000000000000e+00,7.334530639648437500e+01,4.152988052368164062e+01
1.000000000000000000e+00,1.000000000000000000e+00,7.319214630126953125e+01,4.256818771362304688e+01
1.000000000000000000e+00,1.000000000000000000e+00,7.299546051025390625e+01,4.358864212036132812e+01
1.000000000000000000e+00,1.000000000000000000e+00,7.275543212890625000e+01,4.459092330932617188e+01
1.000000000000000000e+00,1.000000000000000000e+00,7.247221374511718750e+01,4.557471847534179688e+01
1.000000000000000000e+00,1.000000000000000000e+00,7.214598846435546875e+01,4.653971099853515625e+01
1.000000000000000000e+00,1.000000000000000000e+00,7.177692413330078125e+01,4.748558425903320312e+01
1.000000000000000000e+00,1.000000000000000000e+00,7.136518096923828125e+01,4.841201782226562500e+01
1.000000000000000000e+00,1.000000000000000000e+00,7.091093444824218750e+01,4.931869888305664062e+01
1.000000000000000000e+00,1.000000000000000000e+00,7.041434478759765625e+01,5.020530700683593750e+01
1.000000000000000000e+00,1.000000000000000000e+00,6.987559509277343750e+01,5.107152938842773438e+01
1.000000000000000000e+00,1.000000000000000000e+00,6.929483795166015625e+01,5.191704940795898438e+01
1.000000000000000000e+00,1.000000000000000000e+00,6.867225646972656250e+01,5.274154663085937500e+01
1.000000000000000000e+00,1.000000000000000000e+00,6.800801086425781250e+01,5.354470825195312500e+01
1.000000000000000000e+00,1.000000000000000000e+00,6.730227661132812500e+01,5.432621383666992188e+01
1.000000000000000000e+00,1.000000000000000000e+00,6.655521392822265625e+01,5.508575057983398438e+01
1.000000000000000000e+00,1.000000000000000000e+00,6.576699829101562500e+01,5.582300186157226562e+01
1.000000000000000000e+00,1.000000000000000000e+00,6.492878723144531250e+01,5.654475402832031250e+01
1.000000000000000000e+00,1.000000000000000000e+00,6.407098388671875000e+01,5.722006225585937500e+01
1.000000000000000000e+00,1.000000000000000000e+00,6.319304656982421875e+01,5.784600830078125000e+01
1.000000000000000000e+00,1.000000000000000000e+00,6.229442214965820312e+01,5.841966629028320312e+01
1.000000000000000000e+00,1.000000000000000000e+00,6.137455368041992188e+01,5.893811035156250000e+01
1.000000000000000000e+00,1.000000000000000000e+00,6.043290328979492188e+01,5.939842224121093750e+01
1.000000000000000000e+00,1.000000000000000000e+00,5.946891784667968750e+01,5.979767990112304688e+01
1.000000000000000000e+00,1.000000000000000000e+00,5.848204421997070312e+01,6.013295745849609375e+01
1.000000000000000000e+00,1.000000000000000000e+00,5.747173690795898438e+01,6.040133666992187500e+01
1.000000000000000000e+00,1.000000000000000000e+00,5.643744277954101562e+01,6.059988784790039062e+01
1.000000000000000000e+00,1.000000000000000000e+00,5.537862014770507812e+01,6.072569656372070312e+01
1.000000000000000000e+00,1.000000000000000000e+00,5.429471206665039062e+01,6.077583312988281250e+01
1.000000000000000000e+00,1.000000000000000000e+00,5.318517303466796875e+01,6.074737548828125000e+01
1.000000000000000000e+00,1.000000000000000000e+00,5.204944992065429688e+01,6.063740539550781250e+01
1.000000000000000000e+00,1.000000000000000000e+00,5.088700103759765625e+01,6.044300079345703125e+01
1.000000000000000000e+00,1.000000000000000000e+00,4.989919662475585938e+01,6.021628570556640625e+01
1.000000000000000000e+00,1.000000000000000000e+00,4.893773651123046875e+01,5.994115829467773438e+01
1.000000000000000000e+00,1.000000000000000000e+00,4.800370788574218750e+01,5.961901855468750000e+01
1.000000000000000000e+00,1.000000000000000000e+00,4.709819793701171875e+01,5.925127792358398438e+01
1.000000000000000000e+00,1.000000000000000000e+00,4.622228622436523438e+01,5.883933639526367188e+01
1.000000000000000000e+00,1.000000000000000000e+00,4.537706375122070312e+01,5.838460159301757812e+01
1.000000000000000000e+00,1.000000000000000000e+00,4.456361007690429688e+01,5.788847732543945312e+01
1.000000000000000000e+00,1.000000000000000000e+00,4.378301620483398438e+01,5.735236740112304688e+01
1.000000000000000000e+00,1.000000000000000000e+00,4.303636169433593750e+01,5.677768325805664062e+01
1.000000000000000000e+00,1.000000000000000000e+00,4.232473373413085938e+01,5.616582107543945312e+01
1.000000000000000000e+00,1.000000000000000000e+00,4.164922332763671875e+01,5.551819229125976562e+01
1.000000000000000000e+00,1.000000000000000000e+00,4.101090621948242188e+01,5.483620071411132812e+01
1.000000000000000000e+00,1.000000000000000000e+00,4.041087341308593750e+01,5.412125015258789062e+01
1.000000000000000000e+00,1.000000000000000000e+00,3.985021209716796875e+01,5.337474441528320312e+01
1.000000000000000000e+00,1.000000000000000000e+00,3.933000183105468750e+01,5.259809494018554688e+01
1.000000000000000000e+00,1.000000000000000000e+00,3.885132980346679688e+01,5.179269790649414062e+01
1.000000000000000000e+00,1.000000000000000000e+00,3.841528320312500000e+01,5.095996475219726562e+01
1.000000000000000000e+00,1.000000000000000000e+00,3.802294540405273438e+01,5.010129928588867188e+01
1.000000000000000000e+00,1.000000000000000000e+00,3.767539978027343750e+01,4.921810531616210938e+01
1.000000000000000000e+00,1.000000000000000000e+00,3.737373733520507812e+01,4.831179046630859375e+01
1.000000000000000000e+00,1.000000000000000000e+00,3.711903762817382812e+01,4.738375473022460938e+01
1.000000000000000000e+00,1.000000000000000000e+00,3.691238784790039062e+01,4.643540954589843750e+01
1.000000000000000000e+00,1.000000000000000000e+00,3.675487518310546875e+01,4.546815490722656250e+01
1.000000000000000000e+00,1.000000000000000000e+00,3.664758300781250000e+01,4.448339843750000000e+01
1.000000000000000000e+00,1.000000000000000000e+00,3.659159469604492188e+01,4.348254394531250000e+01
1.000000000000000000e+00,1.000000000000000000e+00,3.658800125122070312e+01,4.246699905395507812e+01
1.000000000000000000e+00,1.000000000000000000e+00,3.663677597045898438e+01,4.136616134643554688e+01
1.000000000000000000e+00,1.000000000000000000e+00,3.673289489746093750e+01,4.028831863403320312e+01
1.000000000000000000e+00,1.000000000000000000e+00,3.687619400024414062e+01,3.923372650146484375e+01
1.000000000000000000e+00,1.000000000000000000e+00,3.706651306152343750e+01,3.820264053344726562e+01
1.000000000000000000e+00,1.000000000000000000e+00,3.730368804931640625e+01,3.719531250000000000e+01
1.000000000000000000e+00,1.000000000000000000e+00,3.758755874633789062e+01,3.621200180053710938e+01
1.000000000000000000e+00,1.000000000000000000e+00,3.791796112060546875e+01,3.525295639038085938e+01
1.000000000000000000e+00,1.000000000000000000e+00,3.829473495483398438e+01,3.431843948364257812e+01
1.000000000000000000e+00,1.000000000000000000e+00,3.871772003173828125e+01,3.340870285034179688e+01
1.000000000000000000e+00,1.000000000000000000e+00,3.918674850463867188e+01,3.252399826049804688e+01
1.000000000000000000e+00,1.000000000000000000e+00,3.970166397094726562e+01,3.166458702087402344e+01
1.000000000000000000e+00,1.000000000000000000e+00,4.026230239868164062e+01,3.083072090148925781e+01
1.000000000000000000e+00,1.000000000000000000e+00,4.086850357055664062e+01,3.002265167236328125e+01
1.000000000000000000e+00,1.000000000000000000e+00,4.152010345458984375e+01,2.924064064025878906e+01
1.000000000000000000e+00,1.000000000000000000e+00,4.221693801879882812e+01,2.848493766784667969e+01
1.000000000000000000e+00,1.000000000000000000e+00,4.295884704589843750e+01,2.775580024719238281e+01
1.000000000000000000e+00,1.000000000000000000e+00,4.374567031860351562e+01,2.705348205566406250e+01
1.000000000000000000e+00,1.000000000000000000e+00,4.457724761962890625e+01,2.637824058532714844e+01
1.000000000000000000e+00,1.000000000000000000e+00,4.545341110229492188e+01,2.573032760620117188e+01
1.000000000000000000e+00,1.000000000000000000e+00,4.637400054931640625e+01,2.511000061035156250e+01
1.000000000000000000e+00,1.000000000000000000e+00,4.637400000000000233e+01,2.510999999999999943e+01
